"Status","Start Time","Stop Time","Duration in ms","Parent Suite","Suite","Sub Suite","Test Class","Test Method","Name","Description"
"broken","Fri Oct 18 13:10:35 GMT 2024","Fri Oct 18 13:10:56 GMT 2024","21045","authorization.tests","SignIn Email","3. Позитивные проверки для набора значений","","","Проверка ввода незарегистрированного в базе email в поле ввода - Только цифры в локальном имени",""
"broken","Fri Oct 18 13:07:00 GMT 2024","Fri Oct 18 13:07:21 GMT 2024","21063","authorization.tests","Header","3. Проверка перехода по пункту меню “Advantages/Преимущества/Vantagens“ на раздел Advantages/Преимущества/Vantagens на главной странице лендинга","","","PT  - Проверка перехода по пункту меню “Advantages/Преимущества/Vantagens“ на раздел Advantages/Преимущества/Vantagens на главной странице лендинга",""
"broken","Fri Oct 18 14:12:22 GMT 2024","Fri Oct 18 14:12:22 GMT 2024","0","authorization.tests","Verification Code","2. Проверка наличия email, введённого ранее на странице входа","","","test_check_email_text_on_verification_code_page[pt]",""
"broken","Fri Oct 18 14:00:35 GMT 2024","Fri Oct 18 14:00:35 GMT 2024","0","authorization.tests","SignUp Password","5. Кнопка Продолжить неактивна при незаполненных полях","","","test_check_reset_button_with_empty_fields[pt]",""
"broken","Fri Oct 18 13:47:43 GMT 2024","Fri Oct 18 13:47:43 GMT 2024","1","authorization.tests","Reset Password","8. Проверка на обязательность заполнения: оставить первое поле пустым","","","test_check_error_message_with_empty_create_password_field[pt]",""
"broken","Fri Oct 18 13:57:43 GMT 2024","Fri Oct 18 13:57:43 GMT 2024","0","authorization.tests","SignUp Password","3. Проверка наличия ссылки Change email/Alterar email/Изменить электронную почту","","","test_check_change_email_link_on_signup_page[en]",""
"broken","Fri Oct 18 14:13:05 GMT 2024","Fri Oct 18 14:13:05 GMT 2024","0","authorization.tests","Verification Code","3. Проверка наличия ссылки Change email/Alterar email/Изменить электронную почту","","","test_check_change_email_link_on_verification_code_page[ru]",""
"broken","Fri Oct 18 13:08:47 GMT 2024","Fri Oct 18 13:08:47 GMT 2024","0","authorization.tests","SignIn Email","1. Проверка ввода зарегистрированного в базе email в поле ввода","","","test_enter_registered_email[ru]",""
"broken","Fri Oct 18 14:20:57 GMT 2024","Fri Oct 18 14:20:57 GMT 2024","0","authorization.tests","Verification Code","10. Проверка ввода 1 или 5 символов в поля ввода кода верификации","","","test_check_no_button_on_the_page[ru-1-0]",""
"broken","Fri Oct 18 14:05:13 GMT 2024","Fri Oct 18 14:05:13 GMT 2024","0","authorization.tests","SignUp Password","10. Проверка ввода 2х одинаковых валидных паролей, но в разном регистре","","","test_check_enter_two_seperate_password_in_different_register[en]",""
"broken","Fri Oct 18 13:37:00 GMT 2024","Fri Oct 18 13:37:00 GMT 2024","0","authorization.tests","SignIn Password","5. Проверка ввода пароля для зарегистрированного в базе пользователя в поле ввода","","","test_enter_registered_password[pt]",""
"broken","Fri Oct 18 14:14:09 GMT 2024","Fri Oct 18 14:14:09 GMT 2024","0","authorization.tests","Verification Code","4. Проверка перехода по ссылке Change email/Alterar email/Изменить электронную почту","","","test_click_change_email_link_on_verification_code_page[ru]",""
"broken","Fri Oct 18 14:10:35 GMT 2024","Fri Oct 18 14:10:35 GMT 2024","0","authorization.tests","Verification Code","1. Проверка наличия заголовка Check Your Email / Проверьте свою почту / Проверьте свою почту","","","test_check_title_on_verification_code_page[en]",""
"broken","Fri Oct 18 13:40:56 GMT 2024","Fri Oct 18 13:40:56 GMT 2024","0","authorization.tests","Reset Password","2. Проверка наличия заголовка Reset Password / Сброс пароля/ Redefinir Senha","","","test_check_title_on_reset_password_page[ru]",""
"broken","Fri Oct 18 13:43:26 GMT 2024","Fri Oct 18 13:43:26 GMT 2024","0","authorization.tests","Reset Password","4. Проверка наличия ссылки Change email/Alterar email/Изменить электронную почту","","","test_check_change_email_link_on_reset_password_page[pt]",""
"broken","Fri Oct 18 13:26:38 GMT 2024","Fri Oct 18 13:26:38 GMT 2024","0","authorization.tests","SignIn Email","6. Негативные проверки для набора значений","","","test_invalid_email_set_of_values_en[pt-email@-\u041e\u0442\u0441\u0443\u0442\u0441\u0442\u0432\u0438\u0435 \u0434\u043e\u043c\u0435\u043d\u043d\u043e\u0433\u043e \u0438\u043c\u0435\u043d\u0438]",""
"broken","Fri Oct 18 14:17:44 GMT 2024","Fri Oct 18 14:17:44 GMT 2024","0","authorization.tests","Verification Code","7. При клике по ссылке Click to Resend / Нажмите, чтобы отправить повторно / Clique para reenviar появляется текст Resend Code /                       Повторная отправка кода / Reenviar código em и время отсчёта 60 секунд","","","test_click_resend_link_and_find_timer[pt]",""
"broken","Fri Oct 18 14:10:57 GMT 2024","Fri Oct 18 14:10:57 GMT 2024","0","authorization.tests","Verification Code","1. Проверка наличия заголовка Check Your Email / Проверьте свою почту / Проверьте свою почту","","","test_check_title_on_verification_code_page[ru]",""
"broken","Fri Oct 18 13:23:25 GMT 2024","Fri Oct 18 13:23:25 GMT 2024","0","authorization.tests","SignIn Email","6. Негативные проверки для набора значений","","","test_invalid_email_set_of_values_en[ru-email@-\u041e\u0442\u0441\u0443\u0442\u0441\u0442\u0432\u0438\u0435 \u0434\u043e\u043c\u0435\u043d\u043d\u043e\u0433\u043e \u0438\u043c\u0435\u043d\u0438]",""
"broken","Fri Oct 18 14:02:22 GMT 2024","Fri Oct 18 14:02:22 GMT 2024","0","authorization.tests","SignUp Password","7. Проверка на обязательность заполнения: оставить первое поле пустым","","","test_check_error_message_with_empty_create_password_field[ru]",""
"broken","Fri Oct 18 14:20:36 GMT 2024","Fri Oct 18 14:20:36 GMT 2024","0","authorization.tests","Verification Code","10. Проверка ввода 1 или 5 символов в поля ввода кода верификации","","","test_check_no_button_on_the_page[en-5-00000]",""
"broken","Fri Oct 18 14:18:06 GMT 2024","Fri Oct 18 14:18:06 GMT 2024","0","authorization.tests","Verification Code","8. Проверка наличия кнопки Verify/Проверить/Verificar при введении кода подтверждения из 6 символов","","","test_check_verify_button[en]",""
"broken","Fri Oct 18 13:36:39 GMT 2024","Fri Oct 18 13:36:39 GMT 2024","0","authorization.tests","SignIn Password","5. Проверка ввода пароля для зарегистрированного в базе пользователя в поле ввода","","","test_enter_registered_password[ru]",""
"broken","Fri Oct 18 14:01:39 GMT 2024","Fri Oct 18 14:01:39 GMT 2024","0","authorization.tests","SignUp Password","6. В первом поле Create Password / Создать пароль / Criar senha присутствует плейсхолдер","","","test_check_placeholder_in_enter_password_field[pt]",""
"broken","Fri Oct 18 14:08:05 GMT 2024","Fri Oct 18 14:08:05 GMT 2024","0","authorization.tests","SignUp Password","11. Негативные проверки валидации: Проверка ввода 2х одинаковых невалидных паролей","","","test_check_enter_two_seperate_uncorrect_password[pt-7]",""
"broken","Fri Oct 18 13:48:26 GMT 2024","Fri Oct 18 13:48:26 GMT 2024","0","authorization.tests","Reset Password","9. Проверка на обязательность заполнения: оставить второе поле пустым","","","test_check_error_message_with_empty_repeat_password_field[ru]",""
"broken","Fri Oct 18 13:27:00 GMT 2024","Fri Oct 18 13:27:00 GMT 2024","0","authorization.tests","SignIn Email","6. Негативные проверки для набора значений","","","test_invalid_email_set_of_values_en[pt-email@ -example.com-\u0414\u0435\u0444\u0438\u0441 \u0432 \u043d\u0430\u0447\u0430\u043b\u0435 \u0434\u043e\u043c\u0435\u043d\u043d\u043e\u0433\u043e \u0438\u043c\u0435\u043d\u0438]",""
"broken","Fri Oct 18 13:10:13 GMT 2024","Fri Oct 18 13:10:13 GMT 2024","0","authorization.tests","SignIn Email","2. Проверка ввода незарегистрированного в базе email в поле ввода","","","test_enter_unregistered_email[pt]",""
"broken","Fri Oct 18 14:21:19 GMT 2024","Fri Oct 18 14:21:19 GMT 2024","0","authorization.tests","Verification Code","10. Проверка ввода 1 или 5 символов в поля ввода кода верификации","","","test_check_no_button_on_the_page[ru-5-00000]",""
"broken","Fri Oct 18 14:23:27 GMT 2024","Fri Oct 18 14:23:27 GMT 2024","0","authorization.tests","Verification Code","11. Проверка ввода некорректного кода","","","test_type_incorrect_code_and_check_error_message[ru-6-123456-\u041d\u0435\u043f\u0440\u0430\u0432\u0438\u043b\u044c\u043d\u044b\u0439 \u043a\u043e\u0434 \u043f\u043e\u0434\u0442\u0432\u0435\u0440\u0436\u0434\u0435\u043d\u0438\u044f]",""
"broken","Fri Oct 18 14:19:53 GMT 2024","Fri Oct 18 14:19:53 GMT 2024","0","authorization.tests","Verification Code","9. Проверка ввода корректного кода подтверждения - 6 символов","","","test_enter_correct_verification_code[pt]",""
"broken","Fri Oct 18 13:35:34 GMT 2024","Fri Oct 18 13:35:34 GMT 2024","0","authorization.tests","SignIn Password","4. Проверка перехода по ссылке Change email/Alterar email/Изменить электронную почту","","","test_click_change_email_link_on_welcome_page[ru]",""
"broken","Fri Oct 18 13:33:26 GMT 2024","Fri Oct 18 13:33:26 GMT 2024","0","authorization.tests","SignIn Password","2. Проверка наличия email, введённого ранее на странице входа","","","test_check_email_text_on_welcome_page[ru]",""
"broken","Fri Oct 18 13:27:21 GMT 2024","Fri Oct 18 13:27:21 GMT 2024","0","authorization.tests","SignIn Email","6. Негативные проверки для набора значений","","","test_invalid_email_set_of_values_en[pt-email@example-.com-\u0414\u0435\u0444\u0438\u0441 \u0432 \u043a\u043e\u043d\u0446\u0435 \u0434\u043e\u043c\u0435\u043d\u043d\u043e\u0433\u043e \u0438\u043c\u0435\u043d\u0438]",""
"broken","Fri Oct 18 13:52:43 GMT 2024","Fri Oct 18 13:52:43 GMT 2024","0","authorization.tests","Reset Password","12. Негативные проверки валидации: Проверка ввода 2х одинаковых невалидных паролей","","","test_check_enter_two_seperate_uncorrect_password[pt-1]",""
"broken","Fri Oct 18 13:43:05 GMT 2024","Fri Oct 18 13:43:05 GMT 2024","0","authorization.tests","Reset Password","4. Проверка наличия ссылки Change email/Alterar email/Изменить электронную почту","","","test_check_change_email_link_on_reset_password_page[ru]",""
"broken","Fri Oct 18 14:22:44 GMT 2024","Fri Oct 18 14:22:44 GMT 2024","0","authorization.tests","Verification Code","11. Проверка ввода некорректного кода","","","test_type_incorrect_code_and_check_error_message[en-6-abcdef-\u0412\u0432\u043e\u0434 \u0441\u0438\u043c\u0432\u043e\u043b\u043e\u0432]",""
"broken","Fri Oct 18 13:58:05 GMT 2024","Fri Oct 18 13:58:05 GMT 2024","0","authorization.tests","SignUp Password","3. Проверка наличия ссылки Change email/Alterar email/Изменить электронную почту","","","test_check_change_email_link_on_signup_page[ru]",""
"broken","Fri Oct 18 14:02:00 GMT 2024","Fri Oct 18 14:02:00 GMT 2024","0","authorization.tests","SignUp Password","7. Проверка на обязательность заполнения: оставить первое поле пустым","","","test_check_error_message_with_empty_create_password_field[en]",""
"broken","Fri Oct 18 13:40:13 GMT 2024","Fri Oct 18 13:40:13 GMT 2024","0","authorization.tests","Reset Password","1. Проверка перехода по ссылке на страницу восстановления пароля","","","test_go_to_the_reset_password_page[pt]",""
"broken","Fri Oct 18 13:31:17 GMT 2024","Fri Oct 18 13:31:17 GMT 2024","0","authorization.tests","SignIn Email","7. Негативные проверки для диапазона","","","test_invalid_email_range_en[pt-email@exampleexampleexampleexampleexampleexampleexampleexampleexamplee.com-\u0414\u043b\u0438\u043d\u0430 \u0434\u043e\u043c\u0435\u043d\u043d\u043e\u0433\u043e \u0438\u043c\u0435\u043d\u0438 64 \u0441\u0438\u043c\u0432\u043e\u043b\u0430]",""
"broken","Fri Oct 18 14:22:23 GMT 2024","Fri Oct 18 14:22:23 GMT 2024","0","authorization.tests","Verification Code","11. Проверка ввода некорректного кода","","","test_type_incorrect_code_and_check_error_message[en-6-123456-\u041d\u0435\u043f\u0440\u0430\u0432\u0438\u043b\u044c\u043d\u044b\u0439 \u043a\u043e\u0434 \u043f\u043e\u0434\u0442\u0432\u0435\u0440\u0436\u0434\u0435\u043d\u0438\u044f]",""
"broken","Fri Oct 18 14:06:39 GMT 2024","Fri Oct 18 14:06:39 GMT 2024","0","authorization.tests","SignUp Password","11. Негативные проверки валидации: Проверка ввода 2х одинаковых невалидных паролей","","","test_check_enter_two_seperate_uncorrect_password[en-7]",""
"broken","Fri Oct 18 13:44:09 GMT 2024","Fri Oct 18 13:44:09 GMT 2024","0","authorization.tests","Reset Password","5. Проверка перехода по ссылке Change email/Alterar email/Изменить электронную почту","","","test_click_change_email_link_on_reset_password_page[ru]",""
"broken","Fri Oct 18 13:21:17 GMT 2024","Fri Oct 18 13:21:17 GMT 2024","0","authorization.tests","SignIn Email","6. Негативные проверки для набора значений","","","test_invalid_email_set_of_values_en[ru-emailexample.com-\u041e\u0442\u0441\u0443\u0442\u0441\u0442\u0432\u0438\u0435 \u0437\u043d\u0430\u043a\u0430 @]",""
"broken","Fri Oct 18 13:12:22 GMT 2024","Fri Oct 18 13:12:43 GMT 2024","21061","authorization.tests","SignIn Email","3. Позитивные проверки для набора значений","","","Проверка ввода незарегистрированного в базе email в поле ввода - Спецсимволы в локальном имени",""
"broken","Fri Oct 18 13:14:09 GMT 2024","Fri Oct 18 13:14:30 GMT 2024","21047","authorization.tests","SignIn Email","4. Позитивные проверки для диапазона","","","Проверка ввода незарегистрированного в базе email в поле ввода - Длинна локального имени 1 символ",""
"broken","Fri Oct 18 14:24:10 GMT 2024","Fri Oct 18 14:24:10 GMT 2024","0","authorization.tests","Verification Code","11. Проверка ввода некорректного кода","","","test_type_incorrect_code_and_check_error_message[ru-6-!@#$%&-\u0412\u0432\u043e\u0434 \u0441\u043f\u0435\u0446\u0441\u0438\u0432\u043e\u043b\u043e\u0432]",""
"broken","Fri Oct 18 13:24:08 GMT 2024","Fri Oct 18 13:24:08 GMT 2024","0","authorization.tests","SignIn Email","6. Негативные проверки для набора значений","","","test_invalid_email_set_of_values_en[ru-email@example-.com-\u0414\u0435\u0444\u0438\u0441 \u0432 \u043a\u043e\u043d\u0446\u0435 \u0434\u043e\u043c\u0435\u043d\u043d\u043e\u0433\u043e \u0438\u043c\u0435\u043d\u0438]",""
"broken","Fri Oct 18 13:54:09 GMT 2024","Fri Oct 18 13:54:09 GMT 2024","0","authorization.tests","Reset Password","13. Позитивные проверки валидации - Проверка ввода 2х одинаковых валидных паролей","","","test_check_enter_two_seperate_correct_password[ru-8]",""
"broken","Fri Oct 18 13:06:38 GMT 2024","Fri Oct 18 13:06:59 GMT 2024","21064","authorization.tests","Header","3. Проверка перехода по пункту меню “Advantages/Преимущества/Vantagens“ на раздел Advantages/Преимущества/Vantagens на главной странице лендинга","","","RU  - Проверка перехода по пункту меню “Advantages/Преимущества/Vantagens“ на раздел Advantages/Преимущества/Vantagens на главной странице лендинга",""
"broken","Fri Oct 18 13:04:08 GMT 2024","Fri Oct 18 13:04:29 GMT 2024","21225","authorization.tests","Header","1. Проверка перехода по логотипу на главную страницу лендинга","","","EN  - Проверка перехода по логотипу на главную страницу лендинга",""
"broken","Fri Oct 18 13:16:39 GMT 2024","Fri Oct 18 13:17:00 GMT 2024","21068","authorization.tests","SignIn Email","4. Позитивные проверки для диапазона","","","Проверка ввода незарегистрированного в базе email в поле ввода - Длина доменного имени 63 символа",""
"broken","Fri Oct 18 13:29:51 GMT 2024","Fri Oct 18 13:29:51 GMT 2024","0","authorization.tests","SignIn Email","7. Негативные проверки для диапазона","","","test_invalid_email_range_en[ru-email@exampleexampleexampleexampleexampleexampleexampleexampleexamplee.com-\u0414\u043b\u0438\u043d\u0430 \u0434\u043e\u043c\u0435\u043d\u043d\u043e\u0433\u043e \u0438\u043c\u0435\u043d\u0438 64 \u0441\u0438\u043c\u0432\u043e\u043b\u0430]",""
"broken","Fri Oct 18 13:41:18 GMT 2024","Fri Oct 18 13:41:18 GMT 2024","0","authorization.tests","Reset Password","2. Проверка наличия заголовка Reset Password / Сброс пароля/ Redefinir Senha","","","test_check_title_on_reset_password_page[pt]",""
"broken","Fri Oct 18 13:47:22 GMT 2024","Fri Oct 18 13:47:22 GMT 2024","0","authorization.tests","Reset Password","8. Проверка на обязательность заполнения: оставить первое поле пустым","","","test_check_error_message_with_empty_create_password_field[ru]",""
"broken","Fri Oct 18 14:17:23 GMT 2024","Fri Oct 18 14:17:23 GMT 2024","0","authorization.tests","Verification Code","7. При клике по ссылке Click to Resend / Нажмите, чтобы отправить повторно / Clique para reenviar появляется текст Resend Code /                       Повторная отправка кода / Reenviar código em и время отсчёта 60 секунд","","","test_click_resend_link_and_find_timer[ru]",""
"broken","Fri Oct 18 13:09:09 GMT 2024","Fri Oct 18 13:09:09 GMT 2024","0","authorization.tests","SignIn Email","1. Проверка ввода зарегистрированного в базе email в поле ввода","","","test_enter_registered_email[pt]",""
"broken","Fri Oct 18 13:37:43 GMT 2024","Fri Oct 18 13:37:43 GMT 2024","0","authorization.tests","SignIn Password","6. Проверка ввода пароля, отличного от указанного при успешной регистрации в поле ввода","","","test_enter_unregistered_password[ru]",""
"broken","Fri Oct 18 14:01:18 GMT 2024","Fri Oct 18 14:01:18 GMT 2024","0","authorization.tests","SignUp Password","6. В первом поле Create Password / Создать пароль / Criar senha присутствует плейсхолдер","","","test_check_placeholder_in_enter_password_field[ru]",""
"broken","Fri Oct 18 14:13:26 GMT 2024","Fri Oct 18 14:13:26 GMT 2024","0","authorization.tests","Verification Code","3. Проверка наличия ссылки Change email/Alterar email/Изменить электронную почту","","","test_check_change_email_link_on_verification_code_page[pt]",""
"broken","Fri Oct 18 14:10:13 GMT 2024","Fri Oct 18 14:10:13 GMT 2024","0","authorization.tests","SignUp Password","12. Позитивные проверки валидации - Проверка ввода 2х одинаковых валидных паролей","","","test_check_enter_two_seperate_correct_password[pt-9]",""
"broken","Fri Oct 18 13:17:00 GMT 2024","Fri Oct 18 13:17:00 GMT 2024","0","authorization.tests","SignIn Email","5. Негативные проверки: Пустое поле","","","test_empty_email_field[en]",""
"broken","Fri Oct 18 14:13:48 GMT 2024","Fri Oct 18 14:13:48 GMT 2024","0","authorization.tests","Verification Code","4. Проверка перехода по ссылке Change email/Alterar email/Изменить электронную почту","","","test_click_change_email_link_on_verification_code_page[en]",""
"broken","Fri Oct 18 14:00:56 GMT 2024","Fri Oct 18 14:00:56 GMT 2024","0","authorization.tests","SignUp Password","6. В первом поле Create Password / Создать пароль / Criar senha присутствует плейсхолдер","","","test_check_placeholder_in_enter_password_field[en]",""
"broken","Fri Oct 18 13:28:47 GMT 2024","Fri Oct 18 13:28:47 GMT 2024","0","authorization.tests","SignIn Email","7. Негативные проверки для диапазона","","","test_invalid_email_range_en[en-email@exampleexampleexampleexampleexampleexampleexampleexampleexampleex.com-\u0414\u043b\u0438\u043d\u0430 \u0434\u043e\u043c\u0435\u043d\u043d\u043e\u0433\u043e \u0438\u043c\u0435\u043d\u0438 65 \u0441\u0438\u043c\u0432\u043e\u043b\u043e\u0432]",""
"broken","Fri Oct 18 13:19:51 GMT 2024","Fri Oct 18 13:19:51 GMT 2024","0","authorization.tests","SignIn Email","6. Негативные проверки для набора значений","","","test_invalid_email_set_of_values_en[en-email.@example.com-\u0422\u043e\u0447\u043a\u0430 \u0432 \u043a\u043e\u043d\u0446\u0435 \u043b\u043e\u043a\u0430\u043b\u044c\u043d\u043e\u0433\u043e \u0438\u043c\u0435\u043d\u0438]",""
"broken","Fri Oct 18 14:20:14 GMT 2024","Fri Oct 18 14:20:14 GMT 2024","0","authorization.tests","Verification Code","10. Проверка ввода 1 или 5 символов в поля ввода кода верификации","","","test_check_no_button_on_the_page[en-1-0]",""
"broken","Fri Oct 18 14:03:26 GMT 2024","Fri Oct 18 14:03:26 GMT 2024","0","authorization.tests","SignUp Password","8. Проверка на обязательность заполнения: оставить второе поле пустым","","","test_check_error_message_with_empty_repeat_password_field[ru]",""
"broken","Fri Oct 18 13:33:04 GMT 2024","Fri Oct 18 13:33:04 GMT 2024","0","authorization.tests","SignIn Password","2. Проверка наличия email, введённого ранее на странице входа","","","test_check_email_text_on_welcome_page[en]",""
"broken","Fri Oct 18 14:24:31 GMT 2024","Fri Oct 18 14:24:31 GMT 2024","0","authorization.tests","Verification Code","11. Проверка ввода некорректного кода","","","test_type_incorrect_code_and_check_error_message[pt-6-123456-\u041d\u0435\u043f\u0440\u0430\u0432\u0438\u043b\u044c\u043d\u044b\u0439 \u043a\u043e\u0434 \u043f\u043e\u0434\u0442\u0432\u0435\u0440\u0436\u0434\u0435\u043d\u0438\u044f]",""
"broken","Fri Oct 18 13:58:48 GMT 2024","Fri Oct 18 13:58:48 GMT 2024","0","authorization.tests","SignUp Password","4. Проверка перехода по ссылке Change email/Alterar email/Изменить электронную почту","","","test_click_change_email_link_on_signup_page[en]",""
"broken","Fri Oct 18 14:19:10 GMT 2024","Fri Oct 18 14:19:10 GMT 2024","0","authorization.tests","Verification Code","9. Проверка ввода корректного кода подтверждения - 6 символов","","","test_enter_correct_verification_code[en]",""
"broken","Fri Oct 18 13:46:17 GMT 2024","Fri Oct 18 13:46:17 GMT 2024","0","authorization.tests","Reset Password","7. В первом поле Create Password / Создать пароль / Criar senha присутствует плейсхолдер","","","test_check_placeholder_in_enter_password_field[ru]",""
"broken","Fri Oct 18 13:30:34 GMT 2024","Fri Oct 18 13:30:34 GMT 2024","0","authorization.tests","SignIn Email","7. Негативные проверки для диапазона","","","test_invalid_email_range_en[pt-emailemailemailemailemailemailemailemailemailemailemailemailemail@example.com-\u0414\u043b\u0438\u043d\u043d\u0430 \u043b\u043e\u043a\u0430\u043b\u044c\u043d\u043e\u0433\u043e \u0438\u043c\u0435\u043d\u0438 65 \u0441\u0438\u043c\u0432\u043e\u043b\u043e\u0432]",""
"broken","Fri Oct 18 13:28:04 GMT 2024","Fri Oct 18 13:28:04 GMT 2024","0","authorization.tests","SignIn Email","7. Негативные проверки для диапазона","","","test_invalid_email_range_en[en-emailemailemailemailemailemailemailemailemailemailemailemailemaile@example.com-\u0414\u043b\u0438\u043d\u043d\u0430 \u043b\u043e\u043a\u0430\u043b\u044c\u043d\u043e\u0433\u043e \u0438\u043c\u0435\u043d\u0438 66 \u0441\u0438\u043c\u0432\u043e\u043b\u043e\u0432]",""
"broken","Fri Oct 18 13:35:56 GMT 2024","Fri Oct 18 13:35:56 GMT 2024","0","authorization.tests","SignIn Password","4. Проверка перехода по ссылке Change email/Alterar email/Изменить электронную почту","","","test_click_change_email_link_on_welcome_page[pt]",""
"broken","Fri Oct 18 13:37:21 GMT 2024","Fri Oct 18 13:37:21 GMT 2024","0","authorization.tests","SignIn Password","6. Проверка ввода пароля, отличного от указанного при успешной регистрации в поле ввода","","","test_enter_unregistered_password[en]",""
"broken","Fri Oct 18 13:53:26 GMT 2024","Fri Oct 18 13:53:26 GMT 2024","0","authorization.tests","Reset Password","13. Позитивные проверки валидации - Проверка ввода 2х одинаковых валидных паролей","","","test_check_enter_two_seperate_correct_password[en-8]",""
"broken","Fri Oct 18 14:21:40 GMT 2024","Fri Oct 18 14:21:40 GMT 2024","0","authorization.tests","Verification Code","10. Проверка ввода 1 или 5 символов в поля ввода кода верификации","","","test_check_no_button_on_the_page[pt-1-0]",""
"broken","Fri Oct 18 13:38:26 GMT 2024","Fri Oct 18 13:38:26 GMT 2024","0","authorization.tests","SignIn Password","7. Проверка: Оставить поле пустым","","","test_empty_password_field[en]",""
"broken","Fri Oct 18 13:49:52 GMT 2024","Fri Oct 18 13:49:52 GMT 2024","0","authorization.tests","Reset Password","10. Проверка ввода 2х разных валидных паролей","","","test_check_enter_two_different_password[pt]",""
"broken","Fri Oct 18 13:22:21 GMT 2024","Fri Oct 18 13:22:21 GMT 2024","0","authorization.tests","SignIn Email","6. Негативные проверки для набора значений","","","test_invalid_email_set_of_values_en[ru-@example.com-\u041e\u0442\u0441\u0443\u0442\u0441\u0442\u0432\u0438\u0435 \u043b\u043e\u043a\u0430\u043b\u044c\u043d\u043e\u0433\u043e \u0438\u043c\u0435\u043d\u0438]",""
"broken","Fri Oct 18 13:39:52 GMT 2024","Fri Oct 18 13:39:52 GMT 2024","0","authorization.tests","Reset Password","1. Проверка перехода по ссылке на страницу восстановления пароля","","","test_go_to_the_reset_password_page[ru]",""
"broken","Fri Oct 18 13:15:13 GMT 2024","Fri Oct 18 13:15:34 GMT 2024","21076","authorization.tests","SignIn Email","4. Позитивные проверки для диапазона","","","Проверка ввода незарегистрированного в базе email в поле ввода - Длинна локального имени 64 символа",""
"broken","Fri Oct 18 13:19:08 GMT 2024","Fri Oct 18 13:19:08 GMT 2024","0","authorization.tests","SignIn Email","6. Негативные проверки для набора значений","","","test_invalid_email_set_of_values_en[en-@example.com-\u041e\u0442\u0441\u0443\u0442\u0441\u0442\u0432\u0438\u0435 \u043b\u043e\u043a\u0430\u043b\u044c\u043d\u043e\u0433\u043e \u0438\u043c\u0435\u043d\u0438]",""
"broken","Fri Oct 18 14:08:47 GMT 2024","Fri Oct 18 14:08:47 GMT 2024","0","authorization.tests","SignUp Password","12. Позитивные проверки валидации - Проверка ввода 2х одинаковых валидных паролей","","","test_check_enter_two_seperate_correct_password[en-9]",""
"broken","Fri Oct 18 14:07:00 GMT 2024","Fri Oct 18 14:07:00 GMT 2024","0","authorization.tests","SignUp Password","11. Негативные проверки валидации: Проверка ввода 2х одинаковых невалидных паролей","","","test_check_enter_two_seperate_uncorrect_password[ru-1]",""
"broken","Fri Oct 18 13:34:52 GMT 2024","Fri Oct 18 13:34:52 GMT 2024","0","authorization.tests","SignIn Password","3. Проверка наличия ссылки Change email/Alterar email/Изменить электронную почту","","","test_check_change_email_link_on_welcome_page[pt]",""
"broken","Fri Oct 18 13:59:30 GMT 2024","Fri Oct 18 13:59:30 GMT 2024","0","authorization.tests","SignUp Password","4. Проверка перехода по ссылке Change email/Alterar email/Изменить электронную почту","","","test_click_change_email_link_on_signup_page[pt]",""
"broken","Fri Oct 18 14:18:27 GMT 2024","Fri Oct 18 14:18:27 GMT 2024","0","authorization.tests","Verification Code","8. Проверка наличия кнопки Verify/Проверить/Verificar при введении кода подтверждения из 6 символов","","","test_check_verify_button[ru]",""
"broken","Fri Oct 18 13:36:17 GMT 2024","Fri Oct 18 13:36:17 GMT 2024","0","authorization.tests","SignIn Password","5. Проверка ввода пароля для зарегистрированного в базе пользователя в поле ввода","","","test_enter_registered_password[en]",""
"broken","Fri Oct 18 13:22:00 GMT 2024","Fri Oct 18 13:22:00 GMT 2024","0","authorization.tests","SignIn Email","6. Негативные проверки для набора значений","","","test_invalid_email_set_of_values_en[ru-email @example.com-\u041f\u0440\u043e\u0431\u0435\u043b \u0432 \u0441\u0435\u0440\u0435\u0434\u0438\u043d\u0435 \u0441\u0442\u0440\u043e\u043a\u0438]",""
"broken","Fri Oct 18 13:43:47 GMT 2024","Fri Oct 18 13:43:47 GMT 2024","0","authorization.tests","Reset Password","5. Проверка перехода по ссылке Change email/Alterar email/Изменить электронную почту","","","test_click_change_email_link_on_reset_password_page[en]",""
"broken","Fri Oct 18 14:23:06 GMT 2024","Fri Oct 18 14:23:06 GMT 2024","0","authorization.tests","Verification Code","11. Проверка ввода некорректного кода","","","test_type_incorrect_code_and_check_error_message[en-6-!@#$%&-\u0412\u0432\u043e\u0434 \u0441\u043f\u0435\u0446\u0441\u0438\u0432\u043e\u043b\u043e\u0432]",""
"broken","Fri Oct 18 13:12:43 GMT 2024","Fri Oct 18 13:13:04 GMT 2024","21044","authorization.tests","SignIn Email","3. Позитивные проверки для набора значений","","","Проверка ввода незарегистрированного в базе email в поле ввода - Цифры после букв в доменном имени",""
"broken","Fri Oct 18 13:05:56 GMT 2024","Fri Oct 18 13:06:17 GMT 2024","21065","authorization.tests","Header","2. Проверка перехода по пункту меню “Create contract/Создание контракта/Criar Contrato“ на раздел Create contract/Создание контракта/Criar Contrato на главной странице лендинга","","","PT  - Проверка перехода по пункту меню “Create contract/Создание контракта/Criar Contrato“ на раздел Create contract/Создание контракта/Criar Contrato на главной странице лендинга",""
"broken","Fri Oct 18 13:29:08 GMT 2024","Fri Oct 18 13:29:08 GMT 2024","0","authorization.tests","SignIn Email","7. Негативные проверки для диапазона","","","test_invalid_email_range_en[ru-emailemailemailemailemailemailemailemailemailemailemailemailemail@example.com-\u0414\u043b\u0438\u043d\u043d\u0430 \u043b\u043e\u043a\u0430\u043b\u044c\u043d\u043e\u0433\u043e \u0438\u043c\u0435\u043d\u0438 65 \u0441\u0438\u043c\u0432\u043e\u043b\u043e\u0432]",""
"broken","Fri Oct 18 13:59:52 GMT 2024","Fri Oct 18 13:59:52 GMT 2024","0","authorization.tests","SignUp Password","5. Кнопка Продолжить неактивна при незаполненных полях","","","test_check_reset_button_with_empty_fields[en]",""
"broken","Fri Oct 18 14:09:52 GMT 2024","Fri Oct 18 14:09:52 GMT 2024","0","authorization.tests","SignUp Password","12. Позитивные проверки валидации - Проверка ввода 2х одинаковых валидных паролей","","","test_check_enter_two_seperate_correct_password[pt-8]",""
"broken","Fri Oct 18 13:34:30 GMT 2024","Fri Oct 18 13:34:30 GMT 2024","0","authorization.tests","SignIn Password","3. Проверка наличия ссылки Change email/Alterar email/Изменить электронную почту","","","test_check_change_email_link_on_welcome_page[ru]",""
"broken","Fri Oct 18 13:45:35 GMT 2024","Fri Oct 18 13:45:35 GMT 2024","0","authorization.tests","Reset Password","6. Кнопка сброса пароля неактивна при незаполненных полях","","","test_check_reset_button_with_empty_fields[pt]",""
"broken","Fri Oct 18 13:26:17 GMT 2024","Fri Oct 18 13:26:17 GMT 2024","0","authorization.tests","SignIn Email","6. Негативные проверки для набора значений","","","test_invalid_email_set_of_values_en[pt-email.@example.com-\u0422\u043e\u0447\u043a\u0430 \u0432 \u043a\u043e\u043d\u0446\u0435 \u043b\u043e\u043a\u0430\u043b\u044c\u043d\u043e\u0433\u043e \u0438\u043c\u0435\u043d\u0438]",""
"broken","Fri Oct 18 14:18:49 GMT 2024","Fri Oct 18 14:18:49 GMT 2024","0","authorization.tests","Verification Code","8. Проверка наличия кнопки Verify/Проверить/Verificar при введении кода подтверждения из 6 символов","","","test_check_verify_button[pt]",""
"broken","Fri Oct 18 14:09:30 GMT 2024","Fri Oct 18 14:09:30 GMT 2024","0","authorization.tests","SignUp Password","12. Позитивные проверки валидации - Проверка ввода 2х одинаковых валидных паролей","","","test_check_enter_two_seperate_correct_password[ru-9]",""
"broken","Fri Oct 18 13:30:55 GMT 2024","Fri Oct 18 13:30:55 GMT 2024","0","authorization.tests","SignIn Email","7. Негативные проверки для диапазона","","","test_invalid_email_range_en[pt-emailemailemailemailemailemailemailemailemailemailemailemailemaile@example.com-\u0414\u043b\u0438\u043d\u043d\u0430 \u043b\u043e\u043a\u0430\u043b\u044c\u043d\u043e\u0433\u043e \u0438\u043c\u0435\u043d\u0438 66 \u0441\u0438\u043c\u0432\u043e\u043b\u043e\u0432]",""
"broken","Fri Oct 18 13:49:30 GMT 2024","Fri Oct 18 13:49:30 GMT 2024","0","authorization.tests","Reset Password","10. Проверка ввода 2х разных валидных паролей","","","test_check_enter_two_different_password[ru]",""
"broken","Fri Oct 18 13:11:39 GMT 2024","Fri Oct 18 13:12:00 GMT 2024","21068","authorization.tests","SignIn Email","3. Позитивные проверки для набора значений","","","Проверка ввода незарегистрированного в базе email в поле ввода - Цифры после букв в локальном имени",""
"broken","Fri Oct 18 13:53:04 GMT 2024","Fri Oct 18 13:53:04 GMT 2024","0","authorization.tests","Reset Password","12. Негативные проверки валидации: Проверка ввода 2х одинаковых невалидных паролей","","","test_check_enter_two_seperate_uncorrect_password[pt-7]",""
"broken","Fri Oct 18 13:31:38 GMT 2024","Fri Oct 18 13:31:38 GMT 2024","0","authorization.tests","SignIn Email","7. Негативные проверки для диапазона","","","test_invalid_email_range_en[pt-email@exampleexampleexampleexampleexampleexampleexampleexampleexampleex.com-\u0414\u043b\u0438\u043d\u0430 \u0434\u043e\u043c\u0435\u043d\u043d\u043e\u0433\u043e \u0438\u043c\u0435\u043d\u0438 65 \u0441\u0438\u043c\u0432\u043e\u043b\u043e\u0432]",""
"broken","Fri Oct 18 13:44:52 GMT 2024","Fri Oct 18 13:44:52 GMT 2024","1","authorization.tests","Reset Password","6. Кнопка сброса пароля неактивна при незаполненных полях","","","test_check_reset_button_with_empty_fields[en]",""
"broken","Fri Oct 18 13:41:39 GMT 2024","Fri Oct 18 13:41:39 GMT 2024","0","authorization.tests","Reset Password","3. Проверка наличия email, введённого ранее на странице входа","","","test_check_email_text_on_reset_password_page[en]",""
"broken","Fri Oct 18 14:09:09 GMT 2024","Fri Oct 18 14:09:09 GMT 2024","0","authorization.tests","SignUp Password","12. Позитивные проверки валидации - Проверка ввода 2х одинаковых валидных паролей","","","test_check_enter_two_seperate_correct_password[ru-8]",""
"broken","Fri Oct 18 13:27:42 GMT 2024","Fri Oct 18 13:27:42 GMT 2024","0","authorization.tests","SignIn Email","7. Негативные проверки для диапазона","","","test_invalid_email_range_en[en-emailemailemailemailemailemailemailemailemailemailemailemailemail@example.com-\u0414\u043b\u0438\u043d\u043d\u0430 \u043b\u043e\u043a\u0430\u043b\u044c\u043d\u043e\u0433\u043e \u0438\u043c\u0435\u043d\u0438 65 \u0441\u0438\u043c\u0432\u043e\u043b\u043e\u0432]",""
"broken","Fri Oct 18 13:25:34 GMT 2024","Fri Oct 18 13:25:34 GMT 2024","0","authorization.tests","SignIn Email","6. Негативные проверки для набора значений","","","test_invalid_email_set_of_values_en[pt-@example.com-\u041e\u0442\u0441\u0443\u0442\u0441\u0442\u0432\u0438\u0435 \u043b\u043e\u043a\u0430\u043b\u044c\u043d\u043e\u0433\u043e \u0438\u043c\u0435\u043d\u0438]",""
"broken","Fri Oct 18 13:07:43 GMT 2024","Fri Oct 18 13:08:04 GMT 2024","21048","authorization.tests","Header","4. Проверка перехода по пункту меню ""FAQ"" на раздел ""FAQ/FAQ/Perguntas frequentes"" главной страницы лендинга","","","RU  - Проверка перехода по пункту меню ""FAQ"" на раздел ""FAQ/FAQ/Perguntas frequentes"" главной страницы лендинга",""
"broken","Fri Oct 18 14:07:43 GMT 2024","Fri Oct 18 14:07:43 GMT 2024","0","authorization.tests","SignUp Password","11. Негативные проверки валидации: Проверка ввода 2х одинаковых невалидных паролей","","","test_check_enter_two_seperate_uncorrect_password[pt-1]",""
"broken","Fri Oct 18 13:45:13 GMT 2024","Fri Oct 18 13:45:13 GMT 2024","0","authorization.tests","Reset Password","6. Кнопка сброса пароля неактивна при незаполненных полях","","","test_check_reset_button_with_empty_fields[ru]",""
"broken","Fri Oct 18 13:44:30 GMT 2024","Fri Oct 18 13:44:30 GMT 2024","0","authorization.tests","Reset Password","5. Проверка перехода по ссылке Change email/Alterar email/Изменить электронную почту","","","test_click_change_email_link_on_reset_password_page[pt]",""
"broken","Fri Oct 18 13:20:55 GMT 2024","Fri Oct 18 13:20:55 GMT 2024","0","authorization.tests","SignIn Email","6. Негативные проверки для набора значений","","","test_invalid_email_set_of_values_en[en-email@example-.com-\u0414\u0435\u0444\u0438\u0441 \u0432 \u043a\u043e\u043d\u0446\u0435 \u0434\u043e\u043c\u0435\u043d\u043d\u043e\u0433\u043e \u0438\u043c\u0435\u043d\u0438]",""
"broken","Fri Oct 18 13:13:47 GMT 2024","Fri Oct 18 13:14:08 GMT 2024","21057","authorization.tests","SignIn Email","3. Позитивные проверки для набора значений","","","Проверка ввода незарегистрированного в базе email в поле ввода - Кириллица в доменном имени",""
"broken","Fri Oct 18 13:32:22 GMT 2024","Fri Oct 18 13:32:22 GMT 2024","0","authorization.tests","SignIn Password","1. Проверка наличия заголовка Welcome / Добро пожаловать / Bem-vindo","","","test_check_welcome_title[ru]",""
"broken","Fri Oct 18 14:25:14 GMT 2024","Fri Oct 18 14:25:14 GMT 2024","0","authorization.tests","Verification Code","11. Проверка ввода некорректного кода","","","test_type_incorrect_code_and_check_error_message[pt-6-!@#$%&-\u0412\u0432\u043e\u0434 \u0441\u043f\u0435\u0446\u0441\u0438\u0432\u043e\u043b\u043e\u0432]",""
"broken","Fri Oct 18 13:19:30 GMT 2024","Fri Oct 18 13:19:30 GMT 2024","0","authorization.tests","SignIn Email","6. Негативные проверки для набора значений","","","test_invalid_email_set_of_values_en[en-.email@example.com-\u0422\u043e\u0447\u043a\u0430 \u0432 \u043d\u0430\u0447\u0430\u043b\u0435 \u043b\u043e\u043a\u0430\u043b\u044c\u043d\u043e\u0433\u043e \u0438\u043c\u0435\u043d\u0438]",""
"broken","Fri Oct 18 14:12:44 GMT 2024","Fri Oct 18 14:12:44 GMT 2024","0","authorization.tests","Verification Code","3. Проверка наличия ссылки Change email/Alterar email/Изменить электронную почту","","","test_check_change_email_link_on_verification_code_page[en]",""
"broken","Fri Oct 18 13:47:00 GMT 2024","Fri Oct 18 13:47:00 GMT 2024","0","authorization.tests","Reset Password","8. Проверка на обязательность заполнения: оставить первое поле пустым","","","test_check_error_message_with_empty_create_password_field[en]",""
"broken","Fri Oct 18 13:15:34 GMT 2024","Fri Oct 18 13:15:55 GMT 2024","21052","authorization.tests","SignIn Email","4. Позитивные проверки для диапазона","","","Проверка ввода незарегистрированного в базе email в поле ввода - Длина доменного имени 1 символ",""
"broken","Fri Oct 18 13:17:43 GMT 2024","Fri Oct 18 13:17:43 GMT 2024","0","authorization.tests","SignIn Email","5. Негативные проверки: Пустое поле","","","test_empty_email_field[pt]",""
"broken","Fri Oct 18 13:55:13 GMT 2024","Fri Oct 18 13:55:13 GMT 2024","0","authorization.tests","Reset Password","13. Позитивные проверки валидации - Проверка ввода 2х одинаковых валидных паролей","","","test_check_enter_two_seperate_correct_password[pt-9]",""
"broken","Fri Oct 18 14:19:32 GMT 2024","Fri Oct 18 14:19:32 GMT 2024","0","authorization.tests","Verification Code","9. Проверка ввода корректного кода подтверждения - 6 символов","","","test_enter_correct_verification_code[ru]",""
"broken","Fri Oct 18 13:34:09 GMT 2024","Fri Oct 18 13:34:09 GMT 2024","0","authorization.tests","SignIn Password","3. Проверка наличия ссылки Change email/Alterar email/Изменить электронную почту","","","test_check_change_email_link_on_welcome_page[en]",""
"broken","Fri Oct 18 13:09:51 GMT 2024","Fri Oct 18 13:09:51 GMT 2024","1","authorization.tests","SignIn Email","2. Проверка ввода незарегистрированного в базе email в поле ввода","","","test_enter_unregistered_email[ru]",""
"broken","Fri Oct 18 14:02:43 GMT 2024","Fri Oct 18 14:02:43 GMT 2024","0","authorization.tests","SignUp Password","7. Проверка на обязательность заполнения: оставить первое поле пустым","","","test_check_error_message_with_empty_create_password_field[pt]",""
"broken","Fri Oct 18 13:14:52 GMT 2024","Fri Oct 18 13:15:13 GMT 2024","21059","authorization.tests","SignIn Email","4. Позитивные проверки для диапазона","","","Проверка ввода незарегистрированного в базе email в поле ввода - Длинна локального имени 63 символа",""
"broken","Fri Oct 18 14:22:01 GMT 2024","Fri Oct 18 14:22:01 GMT 2024","0","authorization.tests","Verification Code","10. Проверка ввода 1 или 5 символов в поля ввода кода верификации","","","test_check_no_button_on_the_page[pt-5-00000]",""
"broken","Fri Oct 18 13:35:13 GMT 2024","Fri Oct 18 13:35:13 GMT 2024","0","authorization.tests","SignIn Password","4. Проверка перехода по ссылке Change email/Alterar email/Изменить электронную почту","","","test_click_change_email_link_on_welcome_page[en]",""
"broken","Fri Oct 18 14:00:13 GMT 2024","Fri Oct 18 14:00:13 GMT 2024","0","authorization.tests","SignUp Password","5. Кнопка Продолжить неактивна при незаполненных полях","","","test_check_reset_button_with_empty_fields[ru]",""
"broken","Fri Oct 18 13:25:55 GMT 2024","Fri Oct 18 13:25:55 GMT 2024","0","authorization.tests","SignIn Email","6. Негативные проверки для набора значений","","","test_invalid_email_set_of_values_en[pt-.email@example.com-\u0422\u043e\u0447\u043a\u0430 \u0432 \u043d\u0430\u0447\u0430\u043b\u0435 \u043b\u043e\u043a\u0430\u043b\u044c\u043d\u043e\u0433\u043e \u0438\u043c\u0435\u043d\u0438]",""
"broken","Fri Oct 18 13:32:00 GMT 2024","Fri Oct 18 13:32:00 GMT 2024","0","authorization.tests","SignIn Password","1. Проверка наличия заголовка Welcome / Добро пожаловать / Bem-vindo","","","test_check_welcome_title[en]",""
"broken","Fri Oct 18 14:14:31 GMT 2024","Fri Oct 18 14:14:31 GMT 2024","0","authorization.tests","Verification Code","4. Проверка перехода по ссылке Change email/Alterar email/Изменить электронную почту","","","test_click_change_email_link_on_verification_code_page[pt]",""
"broken","Fri Oct 18 13:58:26 GMT 2024","Fri Oct 18 13:58:26 GMT 2024","0","authorization.tests","SignUp Password","3. Проверка наличия ссылки Change email/Alterar email/Изменить электронную почту","","","test_check_change_email_link_on_signup_page[pt]",""
"broken","Fri Oct 18 13:50:35 GMT 2024","Fri Oct 18 13:50:35 GMT 2024","0","authorization.tests","Reset Password","11. Проверка ввода 2х одинаковых валидных паролей, но в разном регистре","","","test_check_enter_two_seperate_password_in_different_register[ru]",""
"broken","Fri Oct 18 14:03:05 GMT 2024","Fri Oct 18 14:03:05 GMT 2024","0","authorization.tests","SignUp Password","8. Проверка на обязательность заполнения: оставить второе поле пустым","","","test_check_error_message_with_empty_repeat_password_field[en]",""
"broken","Fri Oct 18 13:30:12 GMT 2024","Fri Oct 18 13:30:12 GMT 2024","0","authorization.tests","SignIn Email","7. Негативные проверки для диапазона","","","test_invalid_email_range_en[ru-email@exampleexampleexampleexampleexampleexampleexampleexampleexampleex.com-\u0414\u043b\u0438\u043d\u0430 \u0434\u043e\u043c\u0435\u043d\u043d\u043e\u0433\u043e \u0438\u043c\u0435\u043d\u0438 65 \u0441\u0438\u043c\u0432\u043e\u043b\u043e\u0432]",""
"broken","Fri Oct 18 13:17:21 GMT 2024","Fri Oct 18 13:17:21 GMT 2024","0","authorization.tests","SignIn Email","5. Негативные проверки: Пустое поле","","","test_empty_email_field[ru]",""
"broken","Fri Oct 18 13:45:56 GMT 2024","Fri Oct 18 13:45:56 GMT 2024","0","authorization.tests","Reset Password","7. В первом поле Create Password / Создать пароль / Criar senha присутствует плейсхолдер","","","test_check_placeholder_in_enter_password_field[en]",""
"broken","Fri Oct 18 14:06:18 GMT 2024","Fri Oct 18 14:06:18 GMT 2024","0","authorization.tests","SignUp Password","11. Негативные проверки валидации: Проверка ввода 2х одинаковых невалидных паролей","","","test_check_enter_two_seperate_uncorrect_password[en-1]",""
"broken","Fri Oct 18 14:23:49 GMT 2024","Fri Oct 18 14:23:49 GMT 2024","0","authorization.tests","Verification Code","11. Проверка ввода некорректного кода","","","test_type_incorrect_code_and_check_error_message[ru-6-abcdef-\u0412\u0432\u043e\u0434 \u0441\u0438\u043c\u0432\u043e\u043b\u043e\u0432]",""
"broken","Fri Oct 18 13:46:39 GMT 2024","Fri Oct 18 13:46:39 GMT 2024","0","authorization.tests","Reset Password","7. В первом поле Create Password / Создать пароль / Criar senha присутствует плейсхолдер","","","test_check_placeholder_in_enter_password_field[pt]",""
"broken","Fri Oct 18 13:24:30 GMT 2024","Fri Oct 18 13:24:30 GMT 2024","0","authorization.tests","SignIn Email","6. Негативные проверки для набора значений","","","test_invalid_email_set_of_values_en[pt-emailexample.com-\u041e\u0442\u0441\u0443\u0442\u0441\u0442\u0432\u0438\u0435 \u0437\u043d\u0430\u043a\u0430 @]",""
"broken","Fri Oct 18 14:16:40 GMT 2024","Fri Oct 18 14:16:40 GMT 2024","0","authorization.tests","Verification Code","6. По истечении 60 секунд появляется текст Didn't receive an email? / Не получили письмо? / Não recebeu o email?                        и ссылки с текстом Click to Resend / Нажмите, чтобы отправить повторно / Clique para reenviar под полями для ввода кода подтверждения","","","test_find_resend_link[pt]",""
"broken","Fri Oct 18 13:42:43 GMT 2024","Fri Oct 18 13:42:43 GMT 2024","0","authorization.tests","Reset Password","4. Проверка наличия ссылки Change email/Alterar email/Изменить электронную почту","","","test_check_change_email_link_on_reset_password_page[en]",""
"broken","Fri Oct 18 13:53:47 GMT 2024","Fri Oct 18 13:53:47 GMT 2024","0","authorization.tests","Reset Password","13. Позитивные проверки валидации - Проверка ввода 2х одинаковых валидных паролей","","","test_check_enter_two_seperate_correct_password[en-9]",""
"broken","Fri Oct 18 14:11:18 GMT 2024","Fri Oct 18 14:11:18 GMT 2024","0","authorization.tests","Verification Code","1. Проверка наличия заголовка Check Your Email / Проверьте свою почту / Проверьте свою почту","","","test_check_title_on_verification_code_page[pt]",""
"broken","Fri Oct 18 13:42:00 GMT 2024","Fri Oct 18 13:42:00 GMT 2024","0","authorization.tests","Reset Password","3. Проверка наличия email, введённого ранее на странице входа","","","test_check_email_text_on_reset_password_page[ru]",""
"broken","Fri Oct 18 13:39:09 GMT 2024","Fri Oct 18 13:39:09 GMT 2024","0","authorization.tests","SignIn Password","7. Проверка: Оставить поле пустым","","","test_empty_password_field[pt]",""
"broken","Fri Oct 18 13:42:22 GMT 2024","Fri Oct 18 13:42:22 GMT 2024","0","authorization.tests","Reset Password","3. Проверка наличия email, введённого ранее на странице входа","","","test_check_email_text_on_reset_password_page[pt]",""
"broken","Fri Oct 18 13:05:34 GMT 2024","Fri Oct 18 13:05:55 GMT 2024","21049","authorization.tests","Header","2. Проверка перехода по пункту меню “Create contract/Создание контракта/Criar Contrato“ на раздел Create contract/Создание контракта/Criar Contrato на главной странице лендинга","","","RU  - Проверка перехода по пункту меню “Create contract/Создание контракта/Criar Contrato“ на раздел Create contract/Создание контракта/Criar Contrato на главной странице лендинга",""
"broken","Fri Oct 18 13:04:30 GMT 2024","Fri Oct 18 13:04:51 GMT 2024","21066","authorization.tests","Header","1. Проверка перехода по логотипу на главную страницу лендинга","","","RU  - Проверка перехода по логотипу на главную страницу лендинга",""
"broken","Fri Oct 18 13:18:26 GMT 2024","Fri Oct 18 13:18:26 GMT 2024","0","authorization.tests","SignIn Email","6. Негативные проверки для набора значений","","","test_invalid_email_set_of_values_en[en-email@email@example.com-\u041d\u0435\u0441\u043a\u043e\u043b\u044c\u043a\u043e @@]",""
"broken","Fri Oct 18 13:18:04 GMT 2024","Fri Oct 18 13:18:04 GMT 2024","0","authorization.tests","SignIn Email","6. Негативные проверки для набора значений","","","test_invalid_email_set_of_values_en[en-emailexample.com-\u041e\u0442\u0441\u0443\u0442\u0441\u0442\u0432\u0438\u0435 \u0437\u043d\u0430\u043a\u0430 @]",""
"broken","Fri Oct 18 13:40:35 GMT 2024","Fri Oct 18 13:40:35 GMT 2024","0","authorization.tests","Reset Password","2. Проверка наличия заголовка Reset Password / Сброс пароля/ Redefinir Senha","","","test_check_title_on_reset_password_page[en]",""
"broken","Fri Oct 18 13:39:30 GMT 2024","Fri Oct 18 13:39:30 GMT 2024","0","authorization.tests","Reset Password","1. Проверка перехода по ссылке на страницу восстановления пароля","","","test_go_to_the_reset_password_page[en]",""
"broken","Fri Oct 18 14:11:39 GMT 2024","Fri Oct 18 14:11:39 GMT 2024","1","authorization.tests","Verification Code","2. Проверка наличия email, введённого ранее на странице входа","","","test_check_email_text_on_verification_code_page[en]",""
"broken","Fri Oct 18 13:16:17 GMT 2024","Fri Oct 18 13:16:38 GMT 2024","21052","authorization.tests","SignIn Email","4. Позитивные проверки для диапазона","","","Проверка ввода незарегистрированного в базе email в поле ввода - Длина доменного имени 62 символа",""
"broken","Fri Oct 18 13:57:01 GMT 2024","Fri Oct 18 13:57:01 GMT 2024","0","authorization.tests","SignUp Password","2. Проверка наличия email, введённого ранее на странице входа","","","test_check_email_text_on_signup_page[ru]",""
"broken","Fri Oct 18 13:24:51 GMT 2024","Fri Oct 18 13:24:51 GMT 2024","0","authorization.tests","SignIn Email","6. Негативные проверки для набора значений","","","test_invalid_email_set_of_values_en[pt-email@email@example.com-\u041d\u0435\u0441\u043a\u043e\u043b\u044c\u043a\u043e @@]",""
"broken","Fri Oct 18 14:04:52 GMT 2024","Fri Oct 18 14:04:52 GMT 2024","0","authorization.tests","SignUp Password","9. Проверка ввода 2х разных валидных паролей","","","test_check_enter_two_different_password[pt]",""
"broken","Fri Oct 18 13:52:00 GMT 2024","Fri Oct 18 13:52:00 GMT 2024","0","authorization.tests","Reset Password","12. Негативные проверки валидации: Проверка ввода 2х одинаковых невалидных паролей","","","test_check_enter_two_seperate_uncorrect_password[ru-1]",""
"broken","Fri Oct 18 13:09:30 GMT 2024","Fri Oct 18 13:09:30 GMT 2024","0","authorization.tests","SignIn Email","2. Проверка ввода незарегистрированного в базе email в поле ввода","","","test_enter_unregistered_email[en]",""
"broken","Fri Oct 18 13:56:39 GMT 2024","Fri Oct 18 13:56:39 GMT 2024","0","authorization.tests","SignUp Password","2. Проверка наличия email, введённого ранее на странице входа","","","test_check_email_text_on_signup_page[en]",""
"broken","Fri Oct 18 13:08:04 GMT 2024","Fri Oct 18 13:08:25 GMT 2024","21060","authorization.tests","Header","4. Проверка перехода по пункту меню ""FAQ"" на раздел ""FAQ/FAQ/Perguntas frequentes"" главной страницы лендинга","","","PT  - Проверка перехода по пункту меню ""FAQ"" на раздел ""FAQ/FAQ/Perguntas frequentes"" главной страницы лендинга",""
"broken","Fri Oct 18 14:03:47 GMT 2024","Fri Oct 18 14:03:47 GMT 2024","0","authorization.tests","SignUp Password","8. Проверка на обязательность заполнения: оставить второе поле пустым","","","test_check_error_message_with_empty_repeat_password_field[pt]",""
"broken","Fri Oct 18 14:24:53 GMT 2024","Fri Oct 18 14:24:53 GMT 2024","0","authorization.tests","Verification Code","11. Проверка ввода некорректного кода","","","test_type_incorrect_code_and_check_error_message[pt-6-abcdef-\u0412\u0432\u043e\u0434 \u0441\u0438\u043c\u0432\u043e\u043b\u043e\u0432]",""
"broken","Fri Oct 18 13:21:38 GMT 2024","Fri Oct 18 13:21:38 GMT 2024","0","authorization.tests","SignIn Email","6. Негативные проверки для набора значений","","","test_invalid_email_set_of_values_en[ru-email@email@example.com-\u041d\u0435\u0441\u043a\u043e\u043b\u044c\u043a\u043e @@]",""
"broken","Fri Oct 18 13:49:09 GMT 2024","Fri Oct 18 13:49:09 GMT 2024","0","authorization.tests","Reset Password","10. Проверка ввода 2х разных валидных паролей","","","test_check_enter_two_different_password[en]",""
"broken","Fri Oct 18 13:54:51 GMT 2024","Fri Oct 18 13:54:51 GMT 2024","0","authorization.tests","Reset Password","13. Позитивные проверки валидации - Проверка ввода 2х одинаковых валидных паролей","","","test_check_enter_two_seperate_correct_password[pt-8]",""
"broken","Fri Oct 18 13:11:17 GMT 2024","Fri Oct 18 13:11:38 GMT 2024","21056","authorization.tests","SignIn Email","3. Позитивные проверки для набора значений","","","Проверка ввода незарегистрированного в базе email в поле ввода - Только цифры в доменном имени",""
"broken","Fri Oct 18 13:10:56 GMT 2024","Fri Oct 18 13:11:17 GMT 2024","21066","authorization.tests","SignIn Email","3. Позитивные проверки для набора значений","","","Проверка ввода незарегистрированного в базе email в поле ввода - Кириллица в локальном имени",""
"broken","Fri Oct 18 13:18:47 GMT 2024","Fri Oct 18 13:18:47 GMT 2024","0","authorization.tests","SignIn Email","6. Негативные проверки для набора значений","","","test_invalid_email_set_of_values_en[en-email @example.com-\u041f\u0440\u043e\u0431\u0435\u043b \u0432 \u0441\u0435\u0440\u0435\u0434\u0438\u043d\u0435 \u0441\u0442\u0440\u043e\u043a\u0438]",""
"broken","Fri Oct 18 13:54:30 GMT 2024","Fri Oct 18 13:54:30 GMT 2024","0","authorization.tests","Reset Password","13. Позитивные проверки валидации - Проверка ввода 2х одинаковых валидных паролей","","","test_check_enter_two_seperate_correct_password[ru-9]",""
"broken","Fri Oct 18 14:15:14 GMT 2024","Fri Oct 18 14:15:14 GMT 2024","0","authorization.tests","Verification Code","5. Наличие на странице текста Resend Code / Повторная отправка кода / Reenviar código em и таймера 60 секунд","","","test_timer_60_sec[ru]",""
"broken","Fri Oct 18 13:23:04 GMT 2024","Fri Oct 18 13:23:04 GMT 2024","0","authorization.tests","SignIn Email","6. Негативные проверки для набора значений","","","test_invalid_email_set_of_values_en[ru-email.@example.com-\u0422\u043e\u0447\u043a\u0430 \u0432 \u043a\u043e\u043d\u0446\u0435 \u043b\u043e\u043a\u0430\u043b\u044c\u043d\u043e\u0433\u043e \u0438\u043c\u0435\u043d\u0438]",""
"broken","Fri Oct 18 13:55:35 GMT 2024","Fri Oct 18 13:55:35 GMT 2024","0","authorization.tests","SignUp Password","1. Проверка наличия заголовка Create an Account / Создать аккаунт / Criar conta","","","test_check_title_on_signup_page[en]",""
"broken","Fri Oct 18 13:48:05 GMT 2024","Fri Oct 18 13:48:05 GMT 2024","0","authorization.tests","Reset Password","9. Проверка на обязательность заполнения: оставить второе поле пустым","","","test_check_error_message_with_empty_repeat_password_field[en]",""
"broken","Fri Oct 18 13:25:12 GMT 2024","Fri Oct 18 13:25:12 GMT 2024","0","authorization.tests","SignIn Email","6. Негативные проверки для набора значений","","","test_invalid_email_set_of_values_en[pt-email @example.com-\u041f\u0440\u043e\u0431\u0435\u043b \u0432 \u0441\u0435\u0440\u0435\u0434\u0438\u043d\u0435 \u0441\u0442\u0440\u043e\u043a\u0438]",""
"broken","Fri Oct 18 14:08:26 GMT 2024","Fri Oct 18 14:08:26 GMT 2024","0","authorization.tests","SignUp Password","12. Позитивные проверки валидации - Проверка ввода 2х одинаковых валидных паролей","","","test_check_enter_two_seperate_correct_password[en-8]",""
"broken","Fri Oct 18 14:15:36 GMT 2024","Fri Oct 18 14:15:36 GMT 2024","0","authorization.tests","Verification Code","5. Наличие на странице текста Resend Code / Повторная отправка кода / Reenviar código em и таймера 60 секунд","","","test_timer_60_sec[pt]",""
"broken","Fri Oct 18 14:16:19 GMT 2024","Fri Oct 18 14:16:19 GMT 2024","0","authorization.tests","Verification Code","6. По истечении 60 секунд появляется текст Didn't receive an email? / Не получили письмо? / Não recebeu o email?                        и ссылки с текстом Click to Resend / Нажмите, чтобы отправить повторно / Clique para reenviar под полями для ввода кода подтверждения","","","test_find_resend_link[ru]",""
"broken","Fri Oct 18 13:59:09 GMT 2024","Fri Oct 18 13:59:09 GMT 2024","0","authorization.tests","SignUp Password","4. Проверка перехода по ссылке Change email/Alterar email/Изменить электронную почту","","","test_click_change_email_link_on_signup_page[ru]",""
"broken","Fri Oct 18 13:06:17 GMT 2024","Fri Oct 18 13:06:38 GMT 2024","21042","authorization.tests","Header","3. Проверка перехода по пункту меню “Advantages/Преимущества/Vantagens“ на раздел Advantages/Преимущества/Vantagens на главной странице лендинга","","","EN  - Проверка перехода по пункту меню “Advantages/Преимущества/Vantagens“ на раздел Advantages/Преимущества/Vantagens на главной странице лендинга",""
"broken","Fri Oct 18 14:04:31 GMT 2024","Fri Oct 18 14:04:31 GMT 2024","0","authorization.tests","SignUp Password","9. Проверка ввода 2х разных валидных паролей","","","test_check_enter_two_different_password[ru]",""
"broken","Fri Oct 18 13:32:43 GMT 2024","Fri Oct 18 13:32:43 GMT 2024","0","authorization.tests","SignIn Password","1. Проверка наличия заголовка Welcome / Добро пожаловать / Bem-vindo","","","test_check_welcome_title[pt]",""
"broken","Fri Oct 18 13:50:13 GMT 2024","Fri Oct 18 13:50:13 GMT 2024","0","authorization.tests","Reset Password","11. Проверка ввода 2х одинаковых валидных паролей, но в разном регистре","","","test_check_enter_two_seperate_password_in_different_register[en]",""
"broken","Fri Oct 18 13:51:39 GMT 2024","Fri Oct 18 13:51:39 GMT 2024","0","authorization.tests","Reset Password","12. Негативные проверки валидации: Проверка ввода 2х одинаковых невалидных паролей","","","test_check_enter_two_seperate_uncorrect_password[en-7]",""
"broken","Fri Oct 18 14:14:53 GMT 2024","Fri Oct 18 14:14:53 GMT 2024","0","authorization.tests","Verification Code","5. Наличие на странице текста Resend Code / Повторная отправка кода / Reenviar código em и таймера 60 секунд","","","test_timer_60_sec[en]",""
"broken","Fri Oct 18 13:22:43 GMT 2024","Fri Oct 18 13:22:43 GMT 2024","0","authorization.tests","SignIn Email","6. Негативные проверки для набора значений","","","test_invalid_email_set_of_values_en[ru-.email@example.com-\u0422\u043e\u0447\u043a\u0430 \u0432 \u043d\u0430\u0447\u0430\u043b\u0435 \u043b\u043e\u043a\u0430\u043b\u044c\u043d\u043e\u0433\u043e \u0438\u043c\u0435\u043d\u0438]",""
"broken","Fri Oct 18 13:07:21 GMT 2024","Fri Oct 18 13:07:42 GMT 2024","21057","authorization.tests","Header","4. Проверка перехода по пункту меню ""FAQ"" на раздел ""FAQ/FAQ/Perguntas frequentes"" главной страницы лендинга","","","EN  - Проверка перехода по пункту меню ""FAQ"" на раздел ""FAQ/FAQ/Perguntas frequentes"" главной страницы лендинга",""
"broken","Fri Oct 18 13:52:22 GMT 2024","Fri Oct 18 13:52:22 GMT 2024","0","authorization.tests","Reset Password","12. Негативные проверки валидации: Проверка ввода 2х одинаковых невалидных паролей","","","test_check_enter_two_seperate_uncorrect_password[ru-7]",""
"broken","Fri Oct 18 13:23:47 GMT 2024","Fri Oct 18 13:23:47 GMT 2024","0","authorization.tests","SignIn Email","6. Негативные проверки для набора значений","","","test_invalid_email_set_of_values_en[ru-email@ -example.com-\u0414\u0435\u0444\u0438\u0441 \u0432 \u043d\u0430\u0447\u0430\u043b\u0435 \u0434\u043e\u043c\u0435\u043d\u043d\u043e\u0433\u043e \u0438\u043c\u0435\u043d\u0438]",""
"broken","Fri Oct 18 14:04:09 GMT 2024","Fri Oct 18 14:04:09 GMT 2024","0","authorization.tests","SignUp Password","9. Проверка ввода 2х разных валидных паролей","","","test_check_enter_two_different_password[en]",""
"broken","Fri Oct 18 14:05:56 GMT 2024","Fri Oct 18 14:05:56 GMT 2024","0","authorization.tests","SignUp Password","10. Проверка ввода 2х одинаковых валидных паролей, но в разном регистре","","","test_check_enter_two_seperate_password_in_different_register[pt]",""
"broken","Fri Oct 18 13:29:29 GMT 2024","Fri Oct 18 13:29:29 GMT 2024","0","authorization.tests","SignIn Email","7. Негативные проверки для диапазона","","","test_invalid_email_range_en[ru-emailemailemailemailemailemailemailemailemailemailemailemailemaile@example.com-\u0414\u043b\u0438\u043d\u043d\u0430 \u043b\u043e\u043a\u0430\u043b\u044c\u043d\u043e\u0433\u043e \u0438\u043c\u0435\u043d\u0438 66 \u0441\u0438\u043c\u0432\u043e\u043b\u043e\u0432]",""
"broken","Fri Oct 18 13:38:04 GMT 2024","Fri Oct 18 13:38:04 GMT 2024","0","authorization.tests","SignIn Password","6. Проверка ввода пароля, отличного от указанного при успешной регистрации в поле ввода","","","test_enter_unregistered_password[pt]",""
"broken","Fri Oct 18 13:48:47 GMT 2024","Fri Oct 18 13:48:47 GMT 2024","0","authorization.tests","Reset Password","9. Проверка на обязательность заполнения: оставить второе поле пустым","","","test_check_error_message_with_empty_repeat_password_field[pt]",""
"broken","Fri Oct 18 13:51:17 GMT 2024","Fri Oct 18 13:51:17 GMT 2024","0","authorization.tests","Reset Password","12. Негативные проверки валидации: Проверка ввода 2х одинаковых невалидных паролей","","","test_check_enter_two_seperate_uncorrect_password[en-1]",""
"broken","Fri Oct 18 13:14:30 GMT 2024","Fri Oct 18 13:14:51 GMT 2024","21075","authorization.tests","SignIn Email","4. Позитивные проверки для диапазона","","","Проверка ввода незарегистрированного в базе email в поле ввода - Длинна локального имени 2 символа",""
"broken","Fri Oct 18 13:13:04 GMT 2024","Fri Oct 18 13:13:26 GMT 2024","21055","authorization.tests","SignIn Email","3. Позитивные проверки для набора значений","","","Проверка ввода незарегистрированного в базе email в поле ввода - Цифры до букв в доменном имени",""
"broken","Fri Oct 18 13:57:22 GMT 2024","Fri Oct 18 13:57:22 GMT 2024","0","authorization.tests","SignUp Password","2. Проверка наличия email, введённого ранее на странице входа","","","test_check_email_text_on_signup_page[pt]",""
"broken","Fri Oct 18 13:50:56 GMT 2024","Fri Oct 18 13:50:56 GMT 2024","0","authorization.tests","Reset Password","11. Проверка ввода 2х одинаковых валидных паролей, но в разном регистре","","","test_check_enter_two_seperate_password_in_different_register[pt]",""
"broken","Fri Oct 18 13:56:18 GMT 2024","Fri Oct 18 13:56:18 GMT 2024","0","authorization.tests","SignUp Password","1. Проверка наличия заголовка Create an Account / Создать аккаунт / Criar conta","","","test_check_title_on_signup_page[pt]",""
"broken","Fri Oct 18 13:38:47 GMT 2024","Fri Oct 18 13:38:47 GMT 2024","0","authorization.tests","SignIn Password","7. Проверка: Оставить поле пустым","","","test_empty_password_field[ru]",""
"broken","Fri Oct 18 14:17:02 GMT 2024","Fri Oct 18 14:17:02 GMT 2024","0","authorization.tests","Verification Code","7. При клике по ссылке Click to Resend / Нажмите, чтобы отправить повторно / Clique para reenviar появляется текст Resend Code /                       Повторная отправка кода / Reenviar código em и время отсчёта 60 секунд","","","test_click_resend_link_and_find_timer[en]",""
"broken","Fri Oct 18 13:12:00 GMT 2024","Fri Oct 18 13:12:21 GMT 2024","21051","authorization.tests","SignIn Email","3. Позитивные проверки для набора значений","","","Проверка ввода незарегистрированного в базе email в поле ввода - Цифры до букв в локальном имени",""
"broken","Fri Oct 18 13:20:34 GMT 2024","Fri Oct 18 13:20:34 GMT 2024","0","authorization.tests","SignIn Email","6. Негативные проверки для набора значений","","","test_invalid_email_set_of_values_en[en-email@ -example.com-\u0414\u0435\u0444\u0438\u0441 \u0432 \u043d\u0430\u0447\u0430\u043b\u0435 \u0434\u043e\u043c\u0435\u043d\u043d\u043e\u0433\u043e \u0438\u043c\u0435\u043d\u0438]",""
"broken","Fri Oct 18 13:08:26 GMT 2024","Fri Oct 18 13:08:26 GMT 2024","0","authorization.tests","SignIn Email","1. Проверка ввода зарегистрированного в базе email в поле ввода","","","test_enter_registered_email[en]",""
"broken","Fri Oct 18 14:12:01 GMT 2024","Fri Oct 18 14:12:01 GMT 2024","0","authorization.tests","Verification Code","2. Проверка наличия email, введённого ранее на странице входа","","","test_check_email_text_on_verification_code_page[ru]",""
"broken","Fri Oct 18 13:05:13 GMT 2024","Fri Oct 18 13:05:34 GMT 2024","21062","authorization.tests","Header","2. Проверка перехода по пункту меню “Create contract/Создание контракта/Criar Contrato“ на раздел Create contract/Создание контракта/Criar Contrato на главной странице лендинга","","","EN  - Проверка перехода по пункту меню “Create contract/Создание контракта/Criar Contrato“ на раздел Create contract/Создание контракта/Criar Contrato на главной странице лендинга",""
"broken","Fri Oct 18 14:07:22 GMT 2024","Fri Oct 18 14:07:22 GMT 2024","0","authorization.tests","SignUp Password","11. Негативные проверки валидации: Проверка ввода 2х одинаковых невалидных паролей","","","test_check_enter_two_seperate_uncorrect_password[ru-7]",""
"broken","Fri Oct 18 13:13:26 GMT 2024","Fri Oct 18 13:13:47 GMT 2024","21043","authorization.tests","SignIn Email","3. Позитивные проверки для набора значений","","","Проверка ввода незарегистрированного в базе email в поле ввода - Дефис в середине доменного имени",""
"broken","Fri Oct 18 14:05:35 GMT 2024","Fri Oct 18 14:05:35 GMT 2024","0","authorization.tests","SignUp Password","10. Проверка ввода 2х одинаковых валидных паролей, но в разном регистре","","","test_check_enter_two_seperate_password_in_different_register[ru]",""
"broken","Fri Oct 18 13:15:56 GMT 2024","Fri Oct 18 13:16:17 GMT 2024","21066","authorization.tests","SignIn Email","4. Позитивные проверки для диапазона","","","Проверка ввода незарегистрированного в базе email в поле ввода - Длина доменного имени 2 символа",""
"broken","Fri Oct 18 13:20:13 GMT 2024","Fri Oct 18 13:20:13 GMT 2024","0","authorization.tests","SignIn Email","6. Негативные проверки для набора значений","","","test_invalid_email_set_of_values_en[en-email@-\u041e\u0442\u0441\u0443\u0442\u0441\u0442\u0432\u0438\u0435 \u0434\u043e\u043c\u0435\u043d\u043d\u043e\u0433\u043e \u0438\u043c\u0435\u043d\u0438]",""
"broken","Fri Oct 18 13:33:47 GMT 2024","Fri Oct 18 13:33:47 GMT 2024","0","authorization.tests","SignIn Password","2. Проверка наличия email, введённого ранее на странице входа","","","test_check_email_text_on_welcome_page[pt]",""
"broken","Fri Oct 18 13:28:25 GMT 2024","Fri Oct 18 13:28:25 GMT 2024","0","authorization.tests","SignIn Email","7. Негативные проверки для диапазона","","","test_invalid_email_range_en[en-email@exampleexampleexampleexampleexampleexampleexampleexampleexamplee.com-\u0414\u043b\u0438\u043d\u0430 \u0434\u043e\u043c\u0435\u043d\u043d\u043e\u0433\u043e \u0438\u043c\u0435\u043d\u0438 64 \u0441\u0438\u043c\u0432\u043e\u043b\u0430]",""
"broken","Fri Oct 18 14:15:57 GMT 2024","Fri Oct 18 14:15:57 GMT 2024","0","authorization.tests","Verification Code","6. По истечении 60 секунд появляется текст Didn't receive an email? / Не получили письмо? / Não recebeu o email?                        и ссылки с текстом Click to Resend / Нажмите, чтобы отправить повторно / Clique para reenviar под полями для ввода кода подтверждения","","","test_find_resend_link[en]",""
"broken","Fri Oct 18 13:55:56 GMT 2024","Fri Oct 18 13:55:56 GMT 2024","0","authorization.tests","SignUp Password","1. Проверка наличия заголовка Create an Account / Создать аккаунт / Criar conta","","","test_check_title_on_signup_page[ru]",""
"broken","Fri Oct 18 13:04:51 GMT 2024","Fri Oct 18 13:05:12 GMT 2024","21036","authorization.tests","Header","1. Проверка перехода по логотипу на главную страницу лендинга","","","PT  - Проверка перехода по логотипу на главную страницу лендинга",""
